Wall time,Step,Value,Val
1578701135.94711,7905,68.8015899658203,0.688015899658203
1578701226.40834,15810,73.6443405151367,0.736443405151367
1578701312.87163,23715,73.0608749389648,0.730608749389648
1578701398.61224,31620,75.5718231201172,0.755718231201172
1578701484.86889,39525,74.6594085693359,0.746594085693359
1578701571.96005,47430,72.157341003418,0.72157341003418
1578701661.61607,55335,75.7671508789062,0.757671508789062
1578701749.10891,63240,76.7009887695312,0.767009887695312
1578701836.16178,71145,74.3432464599609,0.743432464599609
1578701922.13991,79050,75.3771743774414,0.753771743774414
