Wall time,Step,Value,Value
1578697656.4688,7905,68.8278884887695,0.688278884887695
1578697833.45927,15810,74.211799621582,0.74211799621582
1578698005.59945,23715,76.2485961914063,0.762485961914063
1578698186.71582,31620,75.9703979492187,0.759703979492187
1578698338.02202,39525,74.6117706298828,0.746117706298828
1578698463.26066,47430,75.5283660888672,0.755283660888672
1578698642.52011,55335,78.4433059692383,0.784433059692383
1578698819.90212,63240,76.5198516845703,0.765198516845703
1578698999.03713,71145,77.9179229736328,0.779179229736328
1578699182.09088,79050,78.2934341430664,0.782934341430664
