Wall time,Step,Value
1578701135.9486494,7905,1.0431584119796753
1578701226.408406,15810,0.9571489691734314
1578701312.8717082,23715,0.9377720355987549
1578701398.6123192,31620,0.8915032744407654
1578701484.8689623,39525,0.8520281910896301
1578701571.9601068,47430,0.9305099844932556
1578701661.6161296,55335,0.8617339134216309
1578701749.109013,63240,0.8605486750602722
1578701836.1618545,71145,0.8396596312522888
1578701922.1400094,79050,0.8357128500938416
