Wall time,Step,Value
1578701135.9450183,7905,0.6499488353729248
1578701226.408131,15810,0.6970317363739014
1578701312.8712623,23715,0.6939610838890076
1578701398.6119723,31620,0.7195496559143066
1578701484.868681,39525,0.71033775806427
1578701571.9598424,47430,0.6888433694839478
1578701661.6158814,55335,0.7215967178344727
1578701749.1087143,63240,0.7349027395248413
1578701836.1615417,71145,0.708290696144104
1578701922.1397135,79050,0.7205731868743896
