Wall time,Step,Value,Val
1578701656.45866,7905,71.617790222168,0.71617790222168
1578701748.00783,15810,75.865348815918,0.75865348815918
1578701841.83938,23715,79.1197891235352,0.791197891235352
1578701936.7553,31620,77.3715362548828,0.773715362548828
1578702028.11859,39525,78.1403884887695,0.781403884887695
1578702124.67072,47430,77.9266967773438,0.779266967773437
1578702219.85411,55335,77.4069900512695,0.774069900512695
1578702314.87358,63240,78.7836456298828,0.787836456298828
1578702409.40318,71145,78.9038391113281,0.789038391113281
1578702505.81721,79050,77.7756881713867,0.777756881713867
