Wall time,Step,Value
1578701656.4595578,7905,1.0376884937286377
1578701748.0078855,15810,0.8108280897140503
1578701841.8394287,23715,0.7388281226158142
1578701936.7553713,31620,0.760161280632019
1578702028.1186419,39525,0.7837924957275391
1578702124.6708055,47430,0.756815493106842
1578702219.854169,55335,0.7157580852508545
1578702314.8736482,63240,0.6943209171295166
1578702409.4032404,71145,0.7035164833068848
1578702505.8172681,79050,0.7488976120948792
