Wall time,Step,Value
1578701656.4193614,7905,0.6990787982940674
1578701748.0075772,15810,0.7492323517799377
1578701841.8392022,23715,0.772773802280426
1578701936.7551098,31620,0.7523029446601868
1578702028.1183805,39525,0.7574206590652466
1578702124.670526,47430,0.7604913115501404
1578702219.8539093,55335,0.7635619044303894
1578702314.8732657,63240,0.7799385786056519
1578702409.4029953,71145,0.7799385786056519
1578702505.8169835,79050,0.7697031497955322
