Wall time,Step,Value,Val
1578828577.31516,7905,73.2859802246094,0.732859802246094
1578828672.18795,15810,77.2306365966797,0.772306365966797
1578828766.31418,23715,78.0082092285156,0.780082092285156
1578828861.35957,31620,78.5907287597656,0.785907287597656
1578828960.608,39525,79.1865768432617,0.791865768432617
1578829058.68846,47430,77.6601333618164,0.776601333618164
1578829155.37548,55335,78.9660720825195,0.789660720825195
1578829249.55517,63240,80.3997802734375,0.803997802734375
1578829347.11067,71145,79.377082824707,0.79377082824707
1578829440.8474,79050,79.0729446411133,0.790729446411133
