Wall time,Step,Value
1578828577.3164,7905,1.5953435897827148
1578828672.1880121,15810,1.4685815572738647
1578828766.3142488,23715,1.4130092859268188
1578828861.3596296,31620,1.396821141242981
1578828960.6080658,39525,1.3695154190063477
1578829058.6885433,47430,1.3942997455596924
1578829155.375576,55335,1.3549716472625732
1578829249.5552247,63240,1.352357029914856
1578829347.1107247,71145,1.3726567029953003
1578829440.847465,79050,1.3519690036773682
