Wall time,Step,Value
1578828577.312199,7905,0.707267165184021
1578828672.1877186,15810,0.7430911064147949
1578828766.3139913,23715,0.7533265352249146
1578828861.359326,31620,0.7594677805900574
1578828960.6077995,39525,0.7666325569152832
1578829058.6882153,47430,0.7512794137001038
1578829155.375298,55335,0.7594677805900574
1578829249.5549917,63240,0.7809621095657349
1578829347.1104472,71145,0.7686796188354492
1578829440.8471913,79050,0.7666325569152832
